Planting_Date,Harvesting_Date,Municipality,Season,Rice_Ecosystem,Hybrid_Seeds_Area_Harvested_(Ha),Hybrid_Seeds_Production_(MT),Hybrid_Seeds_Average_Yield_(MT/Ha),Certified_Seeds_Area_Harvested(Ha),Certified_Seeds_Production(MT),Certified_Seeds_Average_Yield(MT/Ha),Farmer_Seeds_Area_Harvested_(Ha),Farmer_Seeds_Production_(MT),Farmer_Seeds_Average_Yield_(MT/Ha),Total_Area_Harvested(Ha),Total_Production(MT),TotalAverage_Yield(MT/Ha)
5/1/2003,10/27/2003,SanMateo,Dry,Irrigated,4795.54,37615.03,7.84,1148.09,5988.18,5.22,1295.41,2636.73,2.35,5943.63,50000,8.41
5/1/2003,10/27/2003,SanMateo,Dry,Irrigated,4124.5,21656.9,5.25,4124.5,17016.13,4.13,1295.41,2636.73,2.35,8249,38673.03,4.69
5/1/2003,10/27/2003,SanMateo,Wet,Irrigated,4124.5,23726.4,5.75,4124.5,18642.18,4.52,1295.41,2636.73,2.35,8249,42368.58,5.14
5/1/2003,10/27/2003,Alicia,Dry,Irrigated,3033.32,28049.55,3.59,5879.94,18997.69,3.53,433.47,1120.66,2.59,7657.51,20662.96,2.7
5/1/2003,10/27/2003,Alicia,Dry,Rainfed,7622.67,31636.39,3.88,3453.12,22605.8,5.35,1501.15,2467.02,1.64,5533.43,23712.56,4.29
5/1/2003,10/27/2003,Alicia,Wet,Irrigated,4605.8,37914.01,5.3,5001.07,39714.99,4.66,1604.28,3758.34,2.34,5317.61,40787.26,7.67
5/1/2003,10/27/2003,Alicia,Wet,Rainfed,4160.17,22061.75,3.59,4072.26,21931.29,5.98,762.14,1611.89,2.11,7895.4,14494,1.84
5/1/2003,10/27/2003,SanMateo,Dry,Irrigated,6845.62,35186.61,7.88,3568.03,37298.12,3.13,1246.59,3435.74,2.76,5957.01,30248.52,5.08
5/1/2003,10/27/2003,SanMateo,Dry,Rainfed,6905.36,27111.99,3.67,4884.49,33938.98,4.96,2376.4,2503.71,1.05,3592.48,17097.5,4.76
5/1/2003,10/27/2003,SanMateo,Wet,Irrigated,5580.14,46104.6,5.37,5889.24,18320.64,3.92,2475.86,2608.7,1.05,7642.32,53512.77,7
5/1/2003,10/27/2003,SanMateo,Wet,Rainfed,6165.94,29069.9,6.01,4823.62,20396.44,3.46,2259.59,4818.76,2.13,4574.34,27479.35,6.01
4/27/2004,10/29/2004,SanMateo,Dry,Irrigated,4862.53,30035.76,6.18,1716.93,8692.58,5.06,1295.41,2636.73,2.35,6579.46,51500,7.83
4/27/2004,10/29/2004,SanMateo,Dry,Irrigated,4124.5,24722.14,5.99,4124.5,19424.54,4.71,1295.41,2636.73,2.35,8249,44146.68,5.35
4/27/2004,2/28/2020,SanMateo,Wet,Irrigated,4124.5,27084.56,6.57,4124.5,21280.73,5.16,1295.41,2636.73,2.35,8249,48365.29,5.86
5/1/2004,10/27/2004,Alicia,Dry,Irrigated,4083.31,52797.57,7.76,4820.16,29777.83,5.08,2074.02,3906.4,1.88,3852.42,39314.46,10.21
5/1/2004,10/27/2004,Alicia,Dry,Rainfed,4959.5,42248.3,7.03,5998.75,23315.4,4.29,0.99,1.99,2.01,7145.64,13447.36,1.88
5/1/2004,10/27/2004,Alicia,Wet,Irrigated,4245.22,36964.43,4.54,3166.03,29698.27,5.97,1747.64,4898.2,2.8,4268.01,53073.12,12.44
5/1/2004,10/27/2004,Alicia,Wet,Rainfed,3527.97,27656.16,5.03,3745.21,18058.76,5.95,1500.42,3717.6,2.48,6875.36,12290.4,1.79
5/1/2004,10/27/2004,SanMateo,Dry,Irrigated,4402.05,26888.46,7.96,5662.01,21458.68,4.69,2942.35,7862,2.67,3975.65,42390.46,10.66
5/1/2004,10/27/2004,SanMateo,Dry,Rainfed,6335.18,38568.02,3.41,5810.08,18007.98,4.36,2057.27,5260.16,2.56,3945.3,17731.59,4.49
5/1/2004,10/27/2004,SanMateo,Wet,Irrigated,3298.99,42167.52,7.93,5632.75,29120.8,4.41,2553.19,2674.8,1.05,4064.37,31992.02,7.87
5/1/2004,10/27/2004,SanMateo,Wet,Rainfed,3461.94,24495.7,4.46,5178.46,33871.6,5.41,1945.18,2805.86,1.44,7790.52,23599.35,3.03
4/27/2005,10/29/2005,SanMateo,Dry,Irrigated,4233.59,27060.96,6.39,1231.74,7726.47,6.27,1295.41,2636.73,2.35,5465.33,53000,9.7
4/27/2005,10/29/2005,SanMateo,Dry,Irrigated,4124.5,23193.59,5.62,4124.5,18223.53,4.42,1295.41,2636.73,2.35,8249,41417.12,5.02
4/27/2005,10/29/2005,SanMateo,Wet,Irrigated,4124.5,23391.98,5.67,4124.5,18379.42,4.46,1295.41,2636.73,2.35,8249,41771.4,5.06
5/1/2005,10/27/2005,Alicia,Dry,Irrigated,6834.99,53845.97,6.95,3498.62,20907.15,3.04,440.35,1257.96,2.86,6900.38,24090.06,3.49
5/1/2005,10/27/2005,Alicia,Dry,Rainfed,5470.84,28269.18,4.13,4101.22,19632,4.17,1325.29,2299.71,1.74,6831.7,13243.78,1.94
5/1/2005,10/27/2005,Alicia,Wet,Irrigated,7539.66,42653.69,7.12,4949.78,34791.68,4.69,982.62,2106.99,2.14,4510.57,29381.6,6.51
5/1/2005,10/27/2005,Alicia,Wet,Rainfed,7301.4,41271.39,5.15,5094.19,26616.12,4.76,760.05,2057.54,2.71,4682.77,15279.39,3.26
5/1/2005,10/27/2005,SanMateo,Dry,Irrigated,4723.29,21554.62,6.39,3820.74,21029.53,5.96,598.49,975.79,1.63,4938.46,24376.35,4.94
5/1/2005,10/27/2005,SanMateo,Dry,Rainfed,3652.92,31428.07,4.88,4245.5,26881.35,3.42,285.17,430.47,1.51,3577.43,8192.12,2.29
5/1/2005,10/27/2005,SanMateo,Wet,Irrigated,4397.19,46635.3,3.68,5636.47,16507.69,4.78,1609.78,3024.59,1.88,3793.71,41920.36,11.05
5/1/2005,10/27/2005,SanMateo,Wet,Rainfed,6024.3,24317.44,5.4,5656.22,31324.84,5.71,2519.15,3484.87,1.38,3478.63,20857.8,6
4/27/2006,10/29/2006,SanMateo,Dry,Irrigated,2218.46,13511.4,6.09,2726.21,15345.03,5.63,1295.41,2636.73,2.35,4944.66,54500,11.02
4/27/2006,10/29/2006,SanMateo,Dry,Irrigated,4124.5,23716.64,5.75,4124.5,18634.5,4.52,1295.41,2636.73,2.35,8249,42351.14,5.13
4/27/2006,10/29/2006,SanMateo,Wet,Irrigated,4124.5,29645.8,7.19,4124.5,23293.13,5.65,1295.41,2636.73,2.35,8249,52938.92,6.42
5/1/2006,10/27/2006,Alicia,Dry,Irrigated,7623.04,43525.36,3.63,5262.85,33267.82,4.77,1735.55,4724.54,2.72,6330.64,29597.27,4.68
5/1/2006,10/27/2006,Alicia,Dry,Rainfed,5795.62,32806.41,5.6,4456.4,37414.63,5.53,154.54,349.03,2.26,3917.86,20071.66,5.12
5/1/2006,10/27/2006,Alicia,Wet,Irrigated,4570.16,55689.82,6.92,3745.74,29574.03,4.95,2605.17,2783.67,1.07,3939.53,54936.52,13.94
5/1/2006,10/27/2006,Alicia,Wet,Rainfed,3256.44,36790.99,5.22,4999.4,19629.9,5.14,641.99,1907.69,2.97,7282.36,11146.08,1.53
5/1/2006,10/27/2006,SanMateo,Dry,Irrigated,7007.09,38185.77,3.66,4767.34,28145.11,4.84,791.51,1229.47,1.55,3132.76,19268.41,6.15
5/1/2006,10/27/2006,SanMateo,Dry,Rainfed,4390.75,21129.49,7.25,3867.98,23663.21,3.93,2489.11,6718.53,2.7,7377.24,12439.42,1.69
5/1/2006,10/27/2006,SanMateo,Wet,Irrigated,5901.46,34418.94,7.99,4973.13,34291.78,5.83,340.01,563.1,1.66,3362.5,39774.24,11.83
5/1/2006,10/27/2006,SanMateo,Wet,Rainfed,7935.28,20475.71,4.56,4450.44,30470.42,4.07,2666.25,6631.77,2.49,6781.07,13038.42,1.92
4/27/2007,10/29/2007,SanMateo,Dry,Irrigated,1390.69,9249,6.65,2246.6,13518.09,6.02,1295.41,2636.73,2.35,3637.28,56000,15.4
4/27/2007,10/29/2007,SanMateo,Dry,Irrigated,4124.5,24746.3,6,4124.5,19443.52,4.71,1295.41,2636.73,2.35,8249,44189.83,5.36
4/27/2007,10/29/2007,SanMateo,Wet,Irrigated,4124.5,28692.88,6.96,4124.5,22544.41,5.47,1295.41,2636.73,2.35,8249,51237.28,6.21
5/1/2007,10/27/2007,Alicia,Dry,Irrigated,4349.89,48467.5,6.05,3032.37,20265.41,3.93,489.61,630.33,1.29,6063.37,41980.25,6.92
5/1/2007,10/27/2007,Alicia,Dry,Rainfed,5192.91,49250.32,7.7,4941.97,29964.08,4.02,1734,4436.67,2.56,6258.26,20007.3,3.2
5/1/2007,10/27/2007,Alicia,Wet,Irrigated,6268.19,29126.53,4.7,4769.23,22149.31,4.32,1950.39,2695.11,1.38,4793.76,26584.1,5.55
5/1/2007,10/27/2007,Alicia,Wet,Rainfed,4210.01,24101.57,6.89,3548.96,31190.4,3.57,2278.32,2304.39,1.01,6796,10306.86,1.52
5/1/2007,10/27/2007,SanMateo,Dry,Irrigated,4856.84,25811.86,5.27,5219.84,17525.44,5.29,539.7,659.67,1.22,7615.1,16878.28,2.22
5/1/2007,10/27/2007,SanMateo,Dry,Rainfed,6056.31,45305.84,5.34,3738.27,24776.35,5.35,2429.04,3783.51,1.56,4401.21,23586.58,5.36
5/1/2007,10/27/2007,SanMateo,Wet,Irrigated,5616.94,21859.58,7.84,3055.51,27366.97,5.71,2007.38,4360.59,2.17,3790.39,46063.39,12.15
5/1/2007,10/27/2007,SanMateo,Wet,Rainfed,7323.98,44936.33,3.87,5409.68,16007.74,3.08,1424.09,3844.3,2.7,4869.38,19546.41,4.01
4/29/2008,10/28/2008,SanMateo,Dry,Irrigated,3736.93,25326.51,6.78,1661.8,11325.36,6.82,1295.41,2636.73,2.35,5398.73,57500,10.65
4/29/2008,10/28/2008,SanMateo,Dry,Irrigated,4124.5,23455.79,5.69,4124.5,18429.55,4.47,1295.41,2636.73,2.35,8249,41885.34,5.08
4/29/2008,10/28/2008,SanMateo,Wet,Irrigated,4124.5,29319.74,7.11,4124.5,23036.93,5.59,1295.41,2636.73,2.35,8249,52356.67,6.35
5/1/2008,10/27/2008,Alicia,Dry,Irrigated,4486.51,57016.12,5.13,5257.7,16551.02,4.76,530.34,572.19,1.08,3816.31,46006.95,12.06
5/1/2008,10/27/2008,Alicia,Dry,Rainfed,7930.26,58343.32,4.39,4428.31,38962.04,5,2272.52,6759.29,2.97,4529.05,21549.14,4.76
5/1/2008,10/27/2008,Alicia,Wet,Irrigated,5013.5,21477.33,3.1,3016.85,26100.34,5.36,2630.1,4197.28,1.6,6151.72,28830.42,4.69
5/1/2008,10/27/2008,Alicia,Wet,Rainfed,3325.25,34492.28,6.57,5941.14,32608.73,4.85,63.84,126.02,1.97,7927.88,26389.63,3.33
5/1/2008,10/27/2008,SanMateo,Dry,Irrigated,5279.37,35465.55,5.08,4513.4,25017.51,3.88,1272.44,2937.47,2.31,3061.83,31319.4,10.23
5/1/2008,10/27/2008,SanMateo,Dry,Rainfed,6764.52,30002.12,4.11,4649.8,38636.79,5.72,1479.92,4002.51,2.7,7173.55,10874.45,1.52
5/1/2008,10/27/2008,SanMateo,Wet,Irrigated,3546.93,47418.4,6.11,3895.19,36611.27,5.89,1731.03,4093.71,2.36,5344.13,54430.49,10.19
5/1/2008,10/27/2008,SanMateo,Wet,Rainfed,4654.15,27423.62,3.51,4891.2,22982.35,4.98,1419.73,2345.52,1.65,4887.86,20854.92,4.27
4/29/2009,10/28/2009,SanMateo,Dry,Irrigated,2760.61,18061.84,6.54,1127.12,6197.55,5.5,1295.41,2636.73,2.35,3887.73,59000,15.18
4/29/2009,10/28/2009,SanMateo,Dry,Irrigated,4124.5,27835.3,6.75,4124.5,21870.59,5.3,1295.41,2636.73,2.35,8249,49705.9,6.03
4/29/2009,10/28/2009,SanMateo,Wet,Irrigated,4124.5,23034.13,5.58,4124.5,18098.24,4.39,1295.41,2636.73,2.35,8249,41132.37,4.99
5/1/2009,10/27/2009,Alicia,Dry,Irrigated,5514.36,59872.94,4.86,3995.48,19404.12,5.18,628.26,1502.8,2.39,4095.73,17275.57,4.22
5/1/2009,10/27/2009,Alicia,Dry,Rainfed,6525.65,38075.9,3.93,5946.27,27840.44,3.19,2236.91,5603.67,2.51,5819.56,19864.38,3.41
5/1/2009,10/27/2009,Alicia,Wet,Irrigated,6592.48,33652.36,5.66,5942.67,34022.9,4.99,1425.76,2652.84,1.86,6998.56,26482.63,3.78
5/1/2009,10/27/2009,Alicia,Wet,Rainfed,4355.84,39984.97,5.99,3882.45,21078.96,5.1,1149.52,1506.05,1.31,7390.72,19587.63,2.65
5/1/2009,10/27/2009,SanMateo,Dry,Irrigated,4874.64,20337.35,6.52,3614.63,18869.68,3.1,1117.89,1357.99,1.21,7716.22,33119.89,4.29
5/1/2009,10/27/2009,SanMateo,Dry,Rainfed,7563.48,20543.41,5.23,4597.21,23462.27,5.91,1658.99,2651.94,1.6,6975.26,23202.73,3.33
5/1/2009,10/27/2009,SanMateo,Wet,Irrigated,3443.34,55042.71,4.83,5204.6,35915.04,5.54,1709.05,1780.54,1.04,3594.22,39197.04,10.91
5/1/2009,10/27/2009,SanMateo,Wet,Rainfed,3260.32,49543.26,6.58,4648.33,25592.11,4.88,1086.61,2332.18,2.15,7380.41,20549.12,2.78
4/29/2010,10/28/2010,SanMateo,Dry,Irrigated,1488.15,11395.49,7.66,1621.96,9441.08,5.82,1295.41,2636.73,2.35,3110.12,60500,19.45
4/29/2010,10/28/2010,SanMateo,Dry,Irrigated,4124.5,29331.29,7.11,4124.5,23046.01,5.59,1295.41,2636.73,2.35,8249,52377.3,6.35
4/29/2010,10/28/2010,SanMateo,Wet,Irrigated,4124.5,26534.16,6.43,4124.5,20848.27,5.05,1295.41,2636.73,2.35,8249,47382.42,5.74
5/1/2010,10/27/2010,Alicia,Dry,Irrigated,3709.07,42611.64,4.92,4522.48,21935.92,3.42,256.06,710.23,2.77,3543.95,39936.35,11.27
5/1/2010,10/27/2010,Alicia,Dry,Rainfed,4130.63,33395.89,7.99,4729.96,26316.65,3.06,194,533.22,2.75,3488.25,14595.16,4.18
5/1/2010,10/27/2010,Alicia,Wet,Irrigated,5646.85,21140.6,4.74,4483.9,19912.88,4.06,2933.33,5253.51,1.79,7399.06,30914.88,4.18
5/1/2010,10/27/2010,Alicia,Wet,Rainfed,5570.25,23045.37,5.83,3646.43,26492.93,4.18,975.4,1730.14,1.77,6977.01,28532.56,4.09
5/1/2010,10/27/2010,SanMateo,Dry,Irrigated,6502.85,54843.75,5.59,5559.46,26990.02,3.33,2095.66,5631.27,2.69,4131.06,45617,11.04
5/1/2010,10/27/2010,SanMateo,Dry,Rainfed,7952.47,51642.58,4.33,3598.65,28739.88,5.09,126.04,308.38,2.45,5242.32,12529.86,2.39
5/1/2010,10/27/2010,SanMateo,Wet,Irrigated,4929.45,49106.02,5.09,5912.24,34245.04,5.92,2977,5272.65,1.77,6361.92,59538.24,9.36
5/1/2010,10/27/2010,SanMateo,Wet,Rainfed,3753.4,57985.7,7.86,3913.5,35824.66,5.94,2817.47,4492.91,1.59,7164,28537.59,3.98
4/29/2011,10/28/2011,SanMateo,Wet,Irrigated,2980.71,20011,6.71,1650.37,10745.71,6.51,1295.41,2636.73,2.35,4631.07,62000,13.39
4/29/2011,10/28/2011,SanMateo,Dry,Irrigated,4124.5,24671.18,5.98,4124.5,19384.5,4.7,1295.41,2636.73,2.35,8249,44055.68,5.34
4/29/2011,10/28/2011,SanMateo,Wet,Irrigated,4124.5,26468.73,6.42,4124.5,20796.86,5.04,1295.41,2636.73,2.35,8249,47265.59,5.73
5/1/2011,10/27/2011,Alicia,Dry,Irrigated,6282.13,21151.97,3.06,4574.22,21909.47,3.98,2489.29,5112.47,2.05,5761.87,23502.08,4.08
5/1/2011,10/27/2011,Alicia,Dry,Rainfed,6365.49,31327.44,5.09,3901.7,28114.53,5.24,1893.01,2583.12,1.36,4769.84,12503.95,2.62
5/1/2011,10/27/2011,Alicia,Wet,Irrigated,7750.58,25278.09,7.47,3034.32,20927.51,5.91,906.57,1094.8,1.21,7118.36,31268.2,4.39
5/1/2011,10/27/2011,Alicia,Wet,Rainfed,5187.67,20423.44,5.73,5647.52,28819.58,4.62,1761.58,2321.44,1.32,7197.03,28200.51,3.92
5/1/2011,10/27/2011,SanMateo,Dry,Irrigated,6970.51,39411.19,3.51,3290.49,24206.94,4.57,479.41,806.51,1.68,6107.22,16993.97,2.78
5/1/2011,10/27/2011,SanMateo,Dry,Rainfed,3729.79,30093.08,3.36,5219.35,30569.57,5.82,1942.4,3801.35,1.96,5049.09,18676.99,3.7
5/1/2011,10/27/2011,SanMateo,Wet,Irrigated,4221.55,35105.51,6.86,5754.09,39147.83,4.05,667.93,749.97,1.12,4984.82,48031.41,9.64
5/1/2011,10/27/2011,SanMateo,Wet,Rainfed,6502.62,50491.58,5.53,4699.79,38585.78,4.31,1110.23,3171.64,2.86,4665.96,21676.25,4.65
4/28/2012,10/27/2012,SanMateo,Wet,Irrigated,1137.55,7464.48,6.56,2459.21,13421.39,5.46,1295.41,2636.73,2.35,3596.77,63500,17.65
4/28/2012,10/27/2012,SanMateo,Dry,Irrigated,4124.5,24007.62,5.82,4124.5,18863.13,4.57,1295.41,2636.73,2.35,8249,42870.76,5.2
4/28/2012,10/27/2012,SanMateo,Wet,Irrigated,4124.5,26301.77,6.38,4124.5,20665.67,5.01,1295.41,2636.73,2.35,8249,46967.44,5.69
5/1/2012,10/27/2012,Alicia,Dry,Irrigated,3104.68,40303.36,5.13,4629.42,17371.99,4.76,1694.18,2666.85,1.57,6790.39,28020.45,4.13
5/1/2012,10/27/2012,Alicia,Dry,Rainfed,6826.42,56776.24,3.26,5793.02,32033.64,3.57,2363.18,5811.66,2.46,3552.22,23874.69,6.72
5/1/2012,10/27/2012,Alicia,Wet,Irrigated,7858.62,49571.06,7.37,4223.28,30336.33,4.69,726.31,1982.06,2.73,6259.52,23524.63,3.76
5/1/2012,10/27/2012,Alicia,Wet,Rainfed,5127.09,41367.29,4.18,5676.57,15159.9,3.95,2448.03,5878.54,2.4,5342.53,29868.92,5.59
5/1/2012,10/27/2012,SanMateo,Dry,Irrigated,4381.44,22341.97,7.5,5410.03,34663.37,4.33,987.84,1603.19,1.62,7986.03,35772.65,4.48
5/1/2012,10/27/2012,SanMateo,Dry,Rainfed,4859.58,54557.09,6.05,5017.98,15885.88,5.53,2345.68,2823.25,1.2,6707.81,8649.36,1.29
5/1/2012,10/27/2012,SanMateo,Wet,Irrigated,6081.13,31981.48,7.57,3616.99,32630.37,3.02,1079,2354.35,2.18,6132.63,57295.12,9.34
5/1/2012,10/27/2012,SanMateo,Wet,Rainfed,7947.88,45012.66,5.77,3090.19,31538.71,4.71,555.24,562.9,1.01,7625.21,17139.31,2.25
4/28/2013,10/27/2013,SanMateo,Dry,Irrigated,4619.44,25868.86,5.6,3629.56,20325.54,5.6,1295.41,2636.73,2.35,8249,46194.4,5.6
4/28/2013,10/27/2013,SanMateo,Wet,Irrigated,4701.93,30844.66,6.56,3547.07,23268.78,6.56,1295.41,2636.73,2.35,8249,54113.44,6.56
5/1/2013,10/27/2013,Alicia,Dry,Irrigated,7375.22,46811.02,5.06,4663.71,24481.36,4.67,359.79,659.16,1.83,7189.04,18740.41,2.61
5/1/2013,10/27/2013,Alicia,Dry,Rainfed,3970.84,49703.83,3.15,4407.51,33197.64,4.36,2475.63,2867.96,1.16,6816.06,10796.79,1.58
5/1/2013,10/27/2013,Alicia,Wet,Irrigated,5881.46,20471.57,4.08,3173.45,36019.12,3.03,197.14,519.33,2.63,4557.79,53819.83,11.81
5/1/2013,10/27/2013,Alicia,Wet,Rainfed,5279.9,52461.06,3.31,3269.05,32847.77,3.33,2552.75,6782.41,2.66,5858.68,12600.07,2.15
5/1/2013,10/27/2013,SanMateo,Dry,Irrigated,5806.33,52852.55,6.89,4235.38,21028.5,4.02,306.02,900.1,2.94,3416.51,41266.31,12.08
5/1/2013,10/27/2013,SanMateo,Dry,Rainfed,6460.73,28103.74,5.79,4232.03,20522.71,5.22,690.61,1753.23,2.54,4120.45,8739.61,2.12
5/1/2013,10/27/2013,SanMateo,Wet,Irrigated,6240.99,59870.42,7.66,3259.57,15056.23,4.78,1467.58,1992.05,1.36,3828.69,52659.72,13.75
5/1/2013,10/27/2013,SanMateo,Wet,Rainfed,5771.94,49862.25,3.17,5114.32,15077.42,3.44,1727.89,4014.53,2.32,7790.55,21882.86,2.81
4/28/2014,10/27/2014,SanMateo,Dry,Irrigated,4619.44,29530.26,6.39,3629.56,23202.34,6.39,1295.41,2636.73,2.35,8249,52732.6,6.39
4/28/2014,10/27/2014,SanMateo,Wet,Irrigated,4701.93,32396.3,6.89,3547.07,24439.31,6.89,1295.41,2636.73,2.35,8249,56835.61,6.89
5/1/2014,10/27/2014,Alicia,Dry,Irrigated,5174.67,38901.18,3.18,4412.2,26374.01,4.41,130.2,319.76,2.46,7977.42,44963.31,5.64
5/1/2014,10/27/2014,Alicia,Dry,Rainfed,4370.46,46471.71,6.07,3988.89,24588.93,3.26,2200.52,4062.42,1.85,7626.76,22634.21,2.97
5/1/2014,10/27/2014,Alicia,Wet,Irrigated,5170.23,45621.85,3.11,5379.85,24575.69,5.31,2691.34,4443,1.65,5157.55,57467.26,11.14
5/1/2014,10/27/2014,Alicia,Wet,Rainfed,7566.36,21530.01,3.03,3737.05,38575.98,4.55,360.16,603.43,1.68,5957.99,25534.61,4.29
5/1/2014,10/27/2014,SanMateo,Dry,Irrigated,5566.11,30506.74,7.95,3515.81,38917.33,3.39,2941.79,4205.6,1.43,6103.48,25018.01,4.1
5/1/2014,10/27/2014,SanMateo,Dry,Rainfed,7812.23,36959.61,3.36,4472.27,37742.64,4,260.06,616.47,2.37,5581.95,14852.8,2.66
5/1/2014,10/27/2014,SanMateo,Wet,Irrigated,6128.01,58085.33,5.92,3409.65,32963.15,3.47,2847.77,4178.35,1.47,6577.84,56169.54,8.54
5/1/2014,10/27/2014,SanMateo,Wet,Rainfed,7044.1,33280.94,4.09,3067.4,23804.5,5.08,880.6,972.56,1.1,5558.8,17503.5,3.15
4/28/2015,10/27/2015,SanMateo,Dry,Irrigated,4619.44,31609.92,6.84,3629.56,24836.36,6.84,1295.41,2636.73,2.35,8249,56446.28,6.84
4/28/2015,10/27/2015,SanMateo,Wet,Irrigated,4701.93,34280.71,7.29,3547.07,25860.89,7.29,1295.41,2636.73,2.35,8249,60141.6,7.29
5/1/2015,10/27/2015,Alicia,Dry,Irrigated,7043.95,27853.95,5.43,3373.56,28968.4,3.51,1814.46,2874.55,1.58,7562.83,42507.06,5.62
5/1/2015,10/27/2015,Alicia,Dry,Rainfed,4386.4,29051.41,3.28,3897.3,32434.75,5.54,1653.24,3300,2,7665.87,19132.13,2.5
5/1/2015,10/27/2015,Alicia,Wet,Irrigated,4562.57,27037.84,7.87,5424.42,30796.81,3.49,1249.35,2286.09,1.83,5726.42,30455.57,5.32
5/1/2015,10/27/2015,Alicia,Wet,Rainfed,3987.42,25513.72,6.81,4654.59,18163.56,5.64,581.97,1011.36,1.74,7172.21,12703.87,1.77
5/1/2015,10/27/2015,SanMateo,Dry,Irrigated,5425,56645.22,5.31,4615.56,20044.28,3.93,235.29,553.94,2.35,6297.52,30495.87,4.84
5/1/2015,10/27/2015,SanMateo,Dry,Rainfed,7886.37,20523.03,5.65,3466.89,27317.45,3.23,2612.77,7452.66,2.85,7427.13,22070.86,2.97
5/1/2015,10/27/2015,SanMateo,Wet,Irrigated,3405.36,34650.93,4.33,3117.57,33031.41,5.62,2302.3,3765.87,1.64,6848.59,39135.92,5.71
5/1/2015,10/27/2015,SanMateo,Wet,Rainfed,5297.45,53490.29,7.33,4758.72,15033,3.74,792.59,1102.15,1.39,3956.06,28069.95,7.1
4/27/2016,10/26/2016,SanMateo,Dry,Irrigated,4619.44,32322.77,7,3629.56,25396.46,7,1295.41,2636.73,2.35,8249,57719.23,7
4/27/2016,10/26/2016,SanMateo,Wet,Irrigated,4701.93,34233.1,7.28,3547.07,25824.97,7.28,1295.41,2636.73,2.35,8249,60058.07,7.28
5/1/2016,10/27/2016,Alicia,Dry,Irrigated,5560.34,46316.44,3.2,4917.79,39812.19,4.09,2348.19,4904.99,2.09,6121.23,33291.41,5.44
5/1/2016,10/27/2016,Alicia,Dry,Rainfed,4354.26,49227.39,7.17,3297.99,29102.7,4.57,270.25,446.15,1.65,7113.01,15035.31,2.11
5/1/2016,10/27/2016,Alicia,Wet,Irrigated,7921.15,53195.91,3.64,4227.13,30453.27,4.74,1007.65,2586.8,2.57,6885.42,41892.49,6.08
5/1/2016,10/27/2016,Alicia,Wet,Rainfed,5209.88,52191.44,3.04,3641.91,37798.1,4.39,1092.37,3209.07,2.94,6545.69,26251.88,4.01
5/1/2016,10/27/2016,SanMateo,Dry,Irrigated,5616.49,27386.03,7.56,3727.06,20063.25,4.22,333.75,745.82,2.23,6212.27,30376.66,4.89
5/1/2016,10/27/2016,SanMateo,Dry,Rainfed,7262.01,26239.06,6.41,3106.33,26423.21,4.6,1686.85,4487.63,2.66,6460.15,16665.33,2.58
5/1/2016,10/27/2016,SanMateo,Wet,Irrigated,5615.05,52056.51,3.84,3348.27,23909.04,5.45,2286.2,2603.05,1.14,4682.93,48023.43,10.25
5/1/2016,10/27/2016,SanMateo,Wet,Rainfed,5824.9,42299,5.28,5682.49,36813.49,3.61,728.05,2005.67,2.75,3484.87,25957.26,7.45
4/27/2017,10/26/2017,SanMateo,Dry,Irrigated,4677.68,33726.07,7.21,3675.32,26499.06,7.21,1295.41,2636.73,2.35,8353,60225.13,7.21
4/27/2017,10/26/2017,SanMateo,Wet,Irrigated,4761.21,29757.56,6.25,3591.79,22448.69,6.25,1295.41,2636.73,2.35,8353,52206.25,6.25
5/1/2017,10/27/2017,Alicia,Dry,Irrigated,7377.33,50784.55,5.96,4673.57,16597.76,4.93,2752.97,3263.96,1.19,6499.65,43981.52,6.77
5/1/2017,10/27/2017,Alicia,Dry,Rainfed,7883.55,22746.24,6.09,3639.81,39338.85,4.05,1914.6,2981.61,1.56,4983.77,21624.49,4.34
5/1/2017,10/27/2017,Alicia,Wet,Irrigated,5449.48,43761.43,4.81,4917.34,17181.17,4.98,1191.37,1407.53,1.18,5405.77,51555.81,9.54
5/1/2017,10/27/2017,Alicia,Wet,Rainfed,6346.65,49157.12,6.42,5846.34,29245.21,5.47,722.22,1913.85,2.65,5094.3,13855.27,2.72
5/1/2017,10/27/2017,SanMateo,Dry,Irrigated,5539.66,58572.3,3.49,5748.91,23703.29,4.13,172.49,331.15,1.92,6609.6,45759.28,6.92
5/1/2017,10/27/2017,SanMateo,Dry,Rainfed,3858.1,34849.65,5.64,4590.05,16225.49,3.35,2811.48,3996.37,1.42,6257.79,21089.55,3.37
5/1/2017,10/27/2017,SanMateo,Wet,Irrigated,6738.59,34168.27,4.63,5380.69,22816.2,4.12,955.46,2148.91,2.25,5665.59,54053.91,9.54
5/1/2017,10/27/2017,SanMateo,Wet,Rainfed,4503.04,30662.2,5.46,3181.14,38773.9,3.14,318.53,393.24,1.23,4596.22,25280.56,5.5
4/27/2018,10/26/2018,SanMateo,Dry,Irrigated,4677.68,31967.26,6.83,3675.32,25117.14,6.83,1295.41,2636.73,2.35,8353,57084.4,6.83
4/27/2018,10/26/2018,SanMateo,Wet,Irrigated,4761.21,23710.83,4.98,3591.79,17887.11,4.98,1295.41,2636.73,2.35,8353,41597.94,4.98
5/1/2018,10/27/2018,Alicia,Dry,Irrigated,7338.17,44437.75,6.74,5084.86,31449.44,5.37,1723.87,3678.04,2.13,7589.84,16063.68,2.12
5/1/2018,10/27/2018,Alicia,Dry,Rainfed,4109.65,23073.38,6.39,4203.62,17957.9,4.74,2792.42,8253.71,2.96,7215.76,8574.13,1.19
5/1/2018,10/27/2018,Alicia,Wet,Irrigated,3887,24052.47,7.14,5946.15,28155.54,5.64,1860.38,4239.85,2.28,3052.53,39868.35,13.06
5/1/2018,10/27/2018,Alicia,Wet,Rainfed,6504.16,38152.08,7.29,4572.92,26133.35,5.77,167.44,249.07,1.49,6184.4,23142.49,3.74
5/1/2018,10/27/2018,SanMateo,Dry,Irrigated,5884.13,33884.63,6.84,3286.15,26118.05,5.3,2875.73,6790.14,2.36,7004.91,40355.97,5.76
5/1/2018,10/27/2018,SanMateo,Dry,Rainfed,3929.89,43660.32,3.5,5972.13,18390.64,4.86,2383.27,2820.57,1.18,5145.04,15726.38,3.06
5/1/2018,10/27/2018,SanMateo,Wet,Irrigated,6156.79,22430.17,5.44,5088.87,15640.63,4.44,1346.72,1623.93,1.21,6514.53,41463.59,6.36
5/1/2018,10/27/2018,SanMateo,Wet,Rainfed,7831.65,36920.82,6.2,3334.88,22727.09,3.44,2838.5,6198.55,2.18,5922.41,15949.49,2.69
2/26/2019,7/26/2019,Alicia,Dry,Irrigated,3,21.6,7.2,36,234,6.5,43,193.5,4.5,82,449.1,6.07
3/15/2019,8/15/2019,Alicia,Dry,Irrigated,3877,32566.8,8.4,3548,23062,6.5,587,2935,5,8012,58563.8,6.63
4/15/2019,9/15/2019,Alicia,Dry,Irrigated,4279,32092.5,7.5,5108,31925,6.25,759.73,3988.58,5.25,10146.73,68006.08,6.33
4/27/2019,10/26/2019,SanMateo,Dry,Irrigated,4677.68,37935.98,8.11,3675.32,29806.85,8.11,1295.41,2636.73,2.35,8353,67742.83,8.11
4/27/2019,10/26/2019,SanMateo,Wet,Irrigated,4761.21,30538.4,6.41,3591.79,23037.74,6.41,1295.41,2636.73,2.35,8353,53576.14,6.41
5/1/2019,10/27/2019,Alicia,Dry,Irrigated,4908.65,54346.51,3.31,4264.45,35824.18,5.89,1947.01,3586.32,1.84,5961.16,17957.4,3.01
5/1/2019,10/27/2019,Alicia,Dry,Rainfed,5201.56,27295.65,6.33,5054.37,29984.94,5.26,2564.92,4954.41,1.93,4946.9,9673.48,1.96
5/1/2019,10/27/2019,Alicia,Wet,Irrigated,5513.4,43534.63,6.88,5950.24,32905.35,3.59,273.32,606.9,2.22,7279.32,32626.89,4.48
5/1/2019,10/27/2019,Alicia,Wet,Rainfed,6026.67,49385.36,7.34,3492.34,19615.94,5.31,2311.27,5838.22,2.53,5841,24217.58,4.15
5/1/2019,10/27/2019,SanMateo,Dry,Irrigated,3951.46,55654.22,5.67,5511.88,33416.46,4.1,247.31,460.77,1.86,6476.43,42062.85,6.49
5/1/2019,10/27/2019,SanMateo,Dry,Rainfed,6735.34,59795.52,3.06,4593.51,34605.8,4.11,1608.86,4473.02,2.78,3821.96,10852.67,2.84
5/1/2019,10/27/2019,SanMateo,Wet,Irrigated,7549.17,45413.59,3.54,5489.08,39644.47,4.27,1792.08,3010.95,1.68,4724.58,57272.12,12.12
5/1/2019,10/27/2019,SanMateo,Wet,Rainfed,6279.97,33532.39,6.79,5110.53,20874.46,5.05,2050.68,3991.99,1.95,7197.95,15192.02,2.11
10/14/2019,3/14/2019,Alicia,Wet,Irrigated,856,5992,7,6018,36108,6,486,2551.5,5.25,7360,44651.5,6.08
10/27/2019,3/27/2019,Alicia,Wet,Irrigated,1341,10057,7.5,7992,51148.8,6.4,813,3902.4,4.8,10146,65108.2,6.23
4/26/2020,10/25/2020,SanMateo,Dry,Irrigated,4677.68,35035.82,7.49,3675.32,27528.15,7.49,1295.41,2636.73,2.35,8353,62563.97,7.49
4/26/2020,10/25/2020,SanMateo,Wet,Irrigated,4761.21,20758.88,4.36,3591.79,15660.2,4.36,1295.41,2636.73,2.35,8353,36419.08,4.36
4/27/2020,9/27/2020,Alicia,Dry,Irrigated,1930,13896,7.2,7433,48314.5,6.5,783,3366.9,4.3,10146,65577.4,6
5/1/2020,10/27/2020,Alicia,Dry,Irrigated,4588.72,51543.48,4.51,5464.6,27655.57,3.93,2313.38,6075.97,2.63,7642.54,16647.3,2.18
5/1/2020,10/27/2020,Alicia,Dry,Rainfed,7748.98,23377.02,6.69,5403.87,19965.57,5.95,103.82,238.53,2.3,7504.45,15517.95,2.07
5/1/2020,10/27/2020,Alicia,Wet,Irrigated,4159.26,59787.5,6.28,3940.37,33488.83,3.57,1197.41,2806.36,2.34,4313.92,43032.8,9.98
5/1/2020,10/27/2020,Alicia,Wet,Rainfed,6107.54,34719.35,6.42,5972.91,27031.8,3.92,308.64,502.93,1.63,3334.23,13415.66,4.02
5/1/2020,10/27/2020,SanMateo,Dry,Irrigated,3134.12,21799.33,3.81,3670.21,15650.88,3.05,1709.28,2488.06,1.46,7332.6,31412.96,4.28
5/1/2020,10/27/2020,SanMateo,Dry,Rainfed,3845.47,40446.53,6.5,3444.2,30342.39,4.6,392.09,868.63,2.22,7664.85,15605.59,2.04
5/1/2020,10/27/2020,SanMateo,Wet,Irrigated,4727.5,41009.34,6.5,3367.93,18994.13,3.82,657.73,1822.5,2.77,3756.46,20191.56,5.38
5/1/2020,10/27/2020,SanMateo,Wet,Rainfed,5918.73,30240.12,4.23,4086.53,15900.95,4.75,1627.84,2987.45,1.84,5279.31,17250.5,3.27
9/15/2020,2/15/2020,Alicia,Wet,Irrigated,13,88.4,6.8,643,3279.3,5.1,58,278.4,4.75,714,3646.1,5.55
9/27/2020,2/27/2020,Alicia,Wet,Irrigated,686,5007.8,7.3,3854,23509.4,6.1,196,960.4,4.9,4736,29477.6,6.1
10/15/2020,3/15/2020,Alicia,Wet,Irrigated,936,7113.6,7.6,2499,15743.7,6.3,1038,4878.6,4.7,4473,27735.9,6.2
10/27/2020,3/27/2020,Alicia,Wet,Irrigated,4159.26,59787.5,6.28,520,2860,5.5,100,430,4.3,620,3290,3.27
3/15/2021,8/15/2021,Alicia,Dry,Irrigated,690,4968,7.2,1103,5515,5,298,1192,4,2091,11675,5.4
4/15/2021,9/15/2021,Alicia,Dry,Irrigated,760,5548,7.3,1050,5775,5.5,218,926.5,4.25,2028,12249.5,5.68
4/26/2021,10/25/2021,SanMateo,Dry,Irrigated,4677.68,29469.38,6.3,3675.32,23154.52,6.3,1295.41,2636.73,2.35,8353,52623.9,6.3
4/26/2021,10/25/2021,SanMateo,Wet,Irrigated,4761.21,28567.26,6,3591.79,21550.74,6,1295.41,2636.73,2.35,8353,50118,6
5/1/2021,10/27/2021,Alicia,Dry,Irrigated,6720.91,33591.33,6.55,3300.55,23029.07,4.06,1360.83,1530.62,1.12,3276.24,16167.69,4.93
5/1/2021,10/27/2021,Alicia,Dry,Rainfed,6447.51,28795.58,6.28,3601.62,32824.48,5.51,372.76,1078.29,2.89,5507.32,20139.45,3.66
5/1/2021,10/27/2021,Alicia,Wet,Irrigated,7831.23,49155.92,7.22,5537.21,18600.98,4.41,2582.34,6796.82,2.63,4463.12,46290.34,10.37
5/1/2021,10/27/2021,Alicia,Wet,Rainfed,3433.75,43034.84,4.38,3376.35,29373.87,3.85,299.63,826.94,2.76,5016.41,15882.55,3.17
5/1/2021,10/27/2021,SanMateo,Dry,Irrigated,3605.44,33505.5,6.15,5443.72,22739.82,3.15,1767.98,1792.87,1.01,6331.95,31080.15,4.91
5/1/2021,10/27/2021,SanMateo,Dry,Rainfed,4454.73,50770.48,6.19,4269.76,32228.78,3.28,2573.81,6314.33,2.45,3870.73,19086.4,4.93
5/1/2021,10/27/2021,SanMateo,Wet,Irrigated,5220.73,41510.27,4.49,3388.88,26835.96,5.11,1578.32,3651.61,2.31,6718.26,42084.87,6.26
5/1/2021,10/27/2021,SanMateo,Wet,Rainfed,3228.69,33845.97,6.53,5676.52,35952.78,3.75,964.75,2401.37,2.49,5487.3,17176.7,3.13
3/15/2022,8/15/2022,Alicia,Dry,Irrigated,4280,29960,7,2188,12690.4,5.8,300,1305,4.35,6768,43955.4,5.72
3/27/2022,8/27/2022,Alicia,Dry,Irrigated,1102,7163,6.5,236,1368.8,5.8,200,870,4.35,1538,9401.8,5.55
4/26/2022,10/25/2022,SanMateo,Dry,Irrigated,4677.68,28676.78,6.13,3675.32,22531.75,6.13,1295.41,2636.73,2.35,8353,51208.53,6.13
4/26/2022,10/25/2022,SanMateo,Wet,Irrigated,4761.21,33611.56,7.06,3591.79,25356.09,7.06,1295.41,2636.73,2.35,8353,58967.65,7.06
5/1/2022,10/27/2022,Alicia,Dry,Irrigated,6112.72,57940.26,4.65,4058.25,37841.88,3.52,2535.6,6285.55,2.48,3498.24,20754.09,5.93
5/1/2022,10/27/2022,Alicia,Dry,Rainfed,4429.27,39162.8,3.01,5198.22,20283.82,5.01,709.68,1183.2,1.67,7114.11,23759.03,3.34
5/1/2022,10/27/2022,Alicia,Wet,Irrigated,6131.3,56194.17,7.14,3403.57,16438.55,3.51,801.37,2242.52,2.8,7515.17,24672.87,3.28
5/1/2022,10/27/2022,Alicia,Wet,Rainfed,3361.74,58845.91,7.11,5192.13,18700.23,4.38,1948.07,2264.92,1.16,6965.69,11200.08,1.61
5/1/2022,10/27/2022,SanMateo,Dry,Irrigated,5868.86,30201.72,3.59,5483.58,36873.25,5.6,1609.64,3825.16,2.38,4076.7,46199.48,11.33
5/1/2022,10/27/2022,SanMateo,Dry,Rainfed,7384.12,48996.83,3.85,4504.97,35957.96,5.13,1953.86,4296.33,2.2,6338.61,18889.64,2.98
5/1/2022,10/27/2022,SanMateo,Wet,Irrigated,7641.37,53670.39,5.51,5900.9,35664,4.93,2678.06,3436.77,1.28,6418.35,46927.13,7.31
5/1/2022,10/27/2022,SanMateo,Wet,Rainfed,3016.45,47595.92,5.63,3332.49,15625.28,5.15,1612.56,2976.94,1.85,6508.44,13165.11,2.02
8/27/2022,1/27/2022,Alicia,Wet,Irrigated,25,175,7,170,1105,6.5,82,328,4,277,1608,5.83
9/15/2022,2/15/2022,Alicia,Wet,Irrigated,3066,21707.28,7.08,1502.9,8641.68,5.75,960,4454.4,4.64,5528.9,34803.36,5.82
9/27/2022,2/28/2022,Alicia,Wet,Irrigated,2100,16065,7.65,1293,7564.05,5.85,129,619.2,4.8,3522,24248.25,6.1
10/15/2022,3/15/2022,Alicia,Wet,Irrigated,5450,39894,7.32,3328,19468.8,5.85,1368.5,6568.8,4.8,10146.5,65931.6,5.99
2/28/2023,8/28/2023,Alicia,Dry,Irrigated,295.15,1571.68,5.33,3.5,23.21,6.63,1295.41,2636.73,2.35,298.65,1594.88,3.99
3/15/2023,8/15/2023,Alicia,Dry,Irrigated,2971.17,21600.42,7.27,427.34,2452.93,5.74,47,211.5,4.5,3445.51,24264.86,5.84
3/27/2023,8/27/2023,Alicia,Dry,Irrigated,2950.95,21453.44,7.27,1971.92,11535.73,5.85,393.35,1695.34,4.31,5316.22,34684.51,5.81
4/15/2023,9/15/2023,Alicia,Dry,Irrigated,701.41,5169.39,7.37,287.94,1707.48,5.93,81.15,265.36,3.27,1070.5,7142.24,5.52
4/26/2023,10/25/2023,SanMateo,Dry,Irrigated,4677.68,31425.8,6.72,3675.32,24691.7,6.72,1295.41,2636.73,2.35,8353,56117.5,6.72
4/26/2023,10/25/2023,SanMateo,Wet,Irrigated,4761.21,32601.2,6.85,3591.79,24593.89,6.85,1295.41,2636.73,2.35,8353,57195.09,6.85
5/1/2023,10/27/2023,Alicia,Dry,Irrigated,7656.53,46988.46,7.68,5976.35,36219,4.41,1280.98,2516.07,1.96,6394.06,40310.77,6.3
5/1/2023,10/27/2023,Alicia,Dry,Rainfed,3944.9,21525.06,6.86,5456.58,33312.79,5.57,224.4,281.22,1.25,5524.85,13411.84,2.43
5/1/2023,10/27/2023,Alicia,Wet,Irrigated,7743.22,55573.38,4.07,4211.29,39016.46,5.63,1099.21,1769.35,1.61,5931.01,55506.26,9.36
5/1/2023,10/27/2023,Alicia,Wet,Rainfed,6997.36,55398.63,7.13,5056.93,38916.99,3.77,1008.78,1100.53,1.09,5315.48,13832.84,2.6
5/1/2023,10/27/2023,SanMateo,Dry,Irrigated,3392.23,56771.11,3.38,5034.94,22363.44,4.07,1343.1,1716.31,1.28,5023.69,46907.73,9.34
5/1/2023,10/27/2023,SanMateo,Dry,Rainfed,3500.43,27267.27,7.07,3246.59,15942.71,5.29,807.86,1018.45,1.26,4333.55,11704.08,2.7
5/1/2023,10/27/2023,SanMateo,Wet,Irrigated,5176.64,37119.29,5.05,5407.18,29527.12,4.68,1955.29,3306.44,1.69,6495.71,26746.72,4.12
5/1/2023,10/27/2023,SanMateo,Wet,Rainfed,6678.41,42486.57,3.24,3604.96,24891.51,5.16,270.53,600.93,2.22,7076.46,15255.87,2.16
8/27/2023,1/27/2023,Alicia,Wet,Irrigated,850.5,5953.5,7,300.35,1802.1,6,20,100,5,1170.85,7855.6,6
9/15/2023,2/15/2023,Alicia,Wet,Irrigated,2295.35,15493.61,6.75,2092.45,11508.48,5.5,198.6,943.35,4.75,4586.4,27945.44,5.67
9/27/2023,9/27/2023,Alicia,Wet,Irrigated,2268.52,17013.9,7.5,1808,10848,6,211.6,1110.9,5.25,4288.12,28972.8,6.25
10/15/2023,3/15/2023,Alicia,Wet,Irrigated,835,6471.25,7.75,295.45,1994.29,6.75,82.33,411.65,5,1212.78,8877.19,6.5
2/29/2024,7/29/2024,Alicia,Dry,Irrigated,1283.25,9624.38,7.5,755.55,4911.08,6.5,99.06,569.6,5.75,2137.86,15105.05,6.58
3/15/2024,8/15/2024,Alicia,Dry,Irrigated,2302.54,16693.42,7.25,1055.56,6597.25,6.25,135.14,675.7,5,3493.24,23966.37,6.17
3/27/2024,8/27/2024,Alicia,Dry,Irrigated,2109.08,16345.37,7.75,1100.56,7153.64,6.5,228.03,1083.14,4.75,3437.67,24582.15,6.33
4/15/2024,9/15/2024,Alicia,Dry,Irrigated,705.13,5605.78,7.95,288.33,1946.23,6.75,87.3,458.33,5.25,1080.76,8010.34,6.65
5/1/2024,10/27/2024,SanMateo,Wet,Irrigated,915.25,6957.7,7.6,885.66,5416.07,6.12,1295.41,2636.73,2.35,1800.91,12373.77,6.87
5/1/2024,10/27/2024,Alicia,Dry,Irrigated,3736.53,40237.04,6.38,4840.62,17329.82,4.73,1674.81,2069.18,1.24,3120.46,25949.47,8.32
5/1/2024,10/27/2024,Alicia,Dry,Rainfed,3923.87,46474.27,7.74,4049.84,22623.16,3.7,2378.28,3928.53,1.65,6664.69,16906.82,2.54
5/1/2024,10/27/2024,Alicia,Wet,Irrigated,4110.67,48157.09,6.62,5437.57,36468.11,4.54,1714.71,3650.05,2.13,7992.89,26191.87,3.28
5/1/2024,10/27/2024,Alicia,Wet,Rainfed,6779.85,50032.17,4.06,3320.78,15943.59,5,568.34,963.15,1.69,5518.46,16406.06,2.97
5/1/2024,10/27/2024,SanMateo,Dry,Irrigated,6729.08,57620.25,4.86,3248.6,35825.88,4,2663.09,3810.52,1.43,3780.31,43288.99,11.45
5/1/2024,10/27/2024,SanMateo,Dry,Rainfed,7860.18,22823.63,6.98,4463.3,31200.76,4.76,2001.37,5836.98,2.92,7620.28,18737.38,2.46
5/1/2024,10/27/2024,SanMateo,Wet,Irrigated,5804.39,39596.53,4.73,3099.02,21426.1,4.58,1418.61,3725.82,2.63,6271.31,22625.6,3.61
5/1/2024,10/27/2024,SanMateo,Wet,Rainfed,6248.7,29587.57,6.53,5156.06,18994.03,5.55,263.85,438.02,1.66,6558.63,28227.88,4.3
